code_commune_INSEE,code_postal,latitude,longitude,nom_commune,prix_m2_2020,prix_m2_2021,prix_loyer_appartement,prix_loyer_maison,prix_loyer_appartement_2p,prix_loyer_appartement_3p,mediane_du_revenu_disponible_2020,taux_de_chomage_des_15-64_ans_2019,population_2019,nombre_logements_2019,nombre_logements_vacants_2019,part_des_menages_emmenage_moins_2_ans_2019,taille_moyenne_menages_emmenage_moins_2_ans_2019,prix_m2_2022
17002,17500,45.3822931603,-0.469634235538,Agudelle,2732.59,3645.03,8.7,6.9,10.5,7.4,18860,5.9,133,72,6,11.7,2.1,1982.61
17003,17290,46.116506287,-0.944542003492,Aigrefeuille-d'Aunis,3538.18,3446.17,11.6,10.5,12.3,9.0,22710,9.3,4143,1972,130,13.0,2.3,2821.62
17004,17123,46.0183336808,-1.1696249203,Île-d'Aix,4729.27,9914.75,10.9,10.6,12.3,9.1,21180,19.7,207,459,12,11.6,2.3,6363.64
17005,17150,45.3827600659,-0.497845683209,Allas-Bocage,2732.59,3645.03,8.7,7.1,10.5,7.4,19170,12.9,196,119,19,12.9,2.2,1756.45
17006,17500,45.4726406982,-0.339612863623,Allas-Champagne,1808.1,1622.09,9.3,7.4,12.3,7.5,23160,2.4,252,125,9,0.9,2.0,1330.37
17007,17540,46.175505871,-0.904331941311,Anais,2069.13,4513.2,10.7,9.7,11.7,9.0,22600,8.2,313,146,7,7.7,3.1,1905.62
17008,17230,46.2630044811,-1.01765756102,Andilly,2423.58,3791.05,10.7,11.1,14.1,9.8,23520,7.9,2272,1031,68,10.9,2.3,2925.27
17009,17540,46.2061055614,-0.949106581868,Angliers,3690.23,4062.67,11.8,10.0,11.4,9.8,23690,9.8,1147,460,25,16.7,2.5,2971.29
17010,17690,46.1067042744,-1.10617840927,Angoulins,4977.11,5724.68,13.0,11.2,15.6,9.0,26490,11.8,4050,2309,151,14.1,2.1,4306.38
17011,17350,45.8451541952,-0.606940524552,Annepont,2729.87,4997.89,9.4,6.9,11.7,7.6,19890,13.6,394,192,16,9.7,3.3,1454.55
17012,17380,46.010330476,-0.69607751086,Annezay,1466.96,4997.0,9.0,8.0,11.7,8.5,22060,9.1,155,92,14,1.4,1.0,1756.45
17013,17400,45.9950682393,-0.482871743818,Antezant-la-Chapelle,5550.53,4881.0,9.2,6.8,11.7,8.5,21100,10.8,340,209,26,6.0,2.7,1430.49
17015,17120,45.5603861745,-0.873664735629,Arces,1967.97,4120.94,9.9,9.0,13.1,9.6,20240,13.3,760,497,36,11.2,2.2,2882.19
17016,17520,45.5228923637,-0.301856482703,Archiac,1956.56,2515.44,8.8,7.4,12.3,7.5,20890,15.6,782,443,56,12.4,1.7,1436.72
17017,17380,45.9283336011,-0.717220453831,Archingeay,2163.16,2290.99,9.2,6.9,12.2,8.5,19470,16.9,670,399,50,11.8,2.1,1762.82
17018,17290,46.0498769657,-0.890135865297,Ardillières,3355.93,3601.51,10.9,8.6,12.3,9.0,22000,7.6,855,394,33,10.3,2.3,2550.0
17019,17590,46.2111995219,-1.51504354145,Ars-en-Ré,8712.87,11048.32,12.1,12.0,14.5,9.4,24430,12.4,1302,1820,82,7.5,1.9,7732.76
17020,17520,45.5031576669,-0.323776644453,Arthenac,9797.09,2023.03,9.3,7.4,12.3,7.5,22570,8.4,349,162,18,10.4,2.6,1579.42
17021,17530,45.7467177587,-1.12303418678,Arvert,3203.55,4626.11,11.2,9.2,12.4,9.2,21190,14.8,3566,2281,187,9.9,2.0,2820.35
17022,17400,45.8934744108,-0.510489870265,Asnières-la-Giraud,3490.3,3152.45,9.4,6.8,11.7,8.0,21730,12.1,1006,584,70,7.9,2.3,1730.86
17023,17770,45.8475001891,-0.394514249009,Aujac,4116.55,4112.84,9.2,6.8,11.7,7.6,19250,14.0,373,196,17,12.1,2.6,906.98
17024,17470,46.0203377417,-0.348095789107,Aulnay,1230.74,1641.63,9.2,6.8,10.5,8.2,19410,15.7,1333,901,139,10.2,1.8,1158.62
17025,17770,45.880093124,-0.411702053139,Aumagne,1608.44,2906.25,9.2,6.6,11.2,7.6,20350,15.9,704,417,32,10.2,2.6,1456.68
17026,17770,45.8418838316,-0.426249552572,Authon-Ébéon,18924.42,4265.34,9.4,6.8,11.7,7.6,19230,12.9,385,251,31,11.1,2.2,1631.9
17027,17800,45.5514357432,-0.508678091517,Avy,2072.41,1640.79,8.7,7.8,11.2,9.2,21160,12.4,471,263,21,6.6,2.5,1939.98
17028,17440,46.134271716,-1.11454913295,Aytré,4510.03,3580.23,13.6,12.7,17.3,11.8,22070,16.3,9247,5525,493,22.0,1.7,3913.0
17029,17160,45.9004170603,-0.316541376972,Bagnizeau,2245.42,3645.03,9.4,6.6,10.5,7.6,21700,7.0,209,110,5,7.1,3.5,1179.94
17030,17600,45.7481778738,-0.843964939234,Balanzac,2836.07,17866.91,10.5,8.4,13.0,9.1,20520,10.2,545,288,30,11.9,2.3,1875.0
17031,17160,45.8083081016,-0.225189641549,Ballans,1131.37,1544.59,8.7,7.1,10.5,8.9,22030,5.3,195,135,28,4.7,2.0,1413.26
17032,17290,46.0535112924,-0.97296366419,Ballon,2678.69,6270.38,10.9,9.7,12.3,9.0,22260,9.7,804,371,19,13.7,2.5,1979.75
17033,17360,45.1281301478,-0.0633132974486,La Barde,2347.07,4217.98,8.5,7.5,10.2,7.4,19680,12.4,496,268,29,13.0,2.4,1428.48
17034,17120,45.531214889,-0.867749982144,Barzan,2248.82,6214.71,9.9,9.0,13.1,9.2,20900,21.1,463,358,33,8.3,2.0,3197.43
17035,17490,45.9171649237,-0.164856392968,Bazauges,1143.38,2735.49,8.7,6.6,10.5,6.6,18640,11.9,112,82,8,4.6,1.3,1756.45
17036,17620,45.8699571421,-1.00817611338,Beaugeay,2151.19,2910.14,10.9,8.2,12.3,9.1,22570,11.6,780,329,11,6.3,2.9,2147.73
17037,17490,45.8934079411,-0.179132842333,Beauvais-sur-Matha,1023.22,1427.43,8.5,7.1,10.5,6.6,18710,14.0,650,397,48,8.6,2.5,900.93
17038,17210,45.1855001238,-0.31284209172,Bedenac,1916.64,1756.28,8.5,7.4,10.5,8.6,20410,11.6,692,271,34,5.5,2.1,1721.37
17039,17800,45.5301565729,-0.55598529375,Belluire,1254.66,3645.03,8.7,7.8,11.6,9.2,22120,9.4,211,117,18,7.8,2.3,1260.42
17041,17170,46.1994730581,-0.797193296126,Benon,2121.95,3371.29,8.9,8.8,11.7,7.0,21370,10.1,1679,692,48,15.2,2.3,2042.43
17042,17770,45.8393523202,-0.459046739442,Bercloux,990.67,3413.24,9.4,6.8,11.7,7.6,21330,13.2,443,223,20,8.2,2.5,1580.68
17043,17330,46.0666811311,-0.625648729603,Bernay-Saint-Martin,2829.44,4092.01,9.0,7.0,12.2,8.5,20520,16.8,746,430,56,9.2,2.2,1345.69
17044,17460,45.6570139489,-0.598024601666,Berneuil,2384.61,3874.39,8.7,7.6,11.6,8.0,21430,8.5,1149,578,59,12.6,2.3,2367.35
17045,17250,45.861283729,-0.845151509892,Beurlay,3197.27,2753.5,10.5,8.2,12.4,9.1,20150,13.1,1030,491,41,10.3,2.2,1582.29
17046,17400,45.9212951544,-0.601162350534,Bignay,3256.87,5123.92,9.2,7.2,12.2,8.5,21190,14.0,387,206,16,12.1,2.2,1317.69
17047,17800,45.5688029671,-0.483837894622,Biron,2685.94,3645.03,8.7,7.6,11.2,7.1,21580,10.1,237,123,14,6.7,2.6,1198.86
17048,17160,45.8719666521,-0.354451050762,Blanzac-lès-Matha,752.91,2520.49,9.2,6.6,11.2,7.6,19510,14.4,321,180,18,10.4,2.3,795.92
17049,17470,46.0542310173,-0.42559316503,Blanzay-sur-Boutonne,2314.35,3645.03,9.0,6.8,10.8,7.0,21250,13.8,79,61,4,2.5,2.0,1756.45
17050,17240,45.4820911995,-0.6152588969,Bois,2151.41,4086.62,8.7,6.9,11.6,7.4,19790,6.6,517,273,45,10.7,2.8,1516.65
17051,17580,46.1825283655,-1.37625908104,Le Bois-Plage-en-Ré,10803.06,13666.41,12.1,12.0,14.5,9.4,26720,12.3,2272,2946,75,7.4,2.2,7632.89
17052,17150,45.3174383056,-0.543849481314,Boisredon,2217.88,5790.43,8.8,7.1,12.0,7.1,21290,13.2,693,409,44,9.3,1.8,1797.94
17053,17430,45.8953761527,-0.785050392193,Bords,583.54,2377.62,9.4,6.9,12.4,9.1,20620,15.2,1322,690,61,9.6,2.2,1711.73
17054,17270,45.2732901399,-0.126873222783,Boresse-et-Martron,3274.4,3427.15,8.5,7.5,10.2,7.4,18880,17.4,204,121,14,7.4,2.3,1464.29
17055,17360,45.1918411913,-0.0719487146419,Boscamnant,1948.25,12335.0,8.5,6.3,10.2,7.2,20800,5.8,361,141,20,6.0,2.5,1290.32
17056,17800,45.600075653,-0.505955746131,Bougneau,2975.61,2984.51,9.3,7.6,11.2,7.5,21090,9.0,600,306,29,8.6,2.2,1485.38
17057,17540,46.1629168745,-0.85833337983,Bouhet,3872.03,5016.39,10.7,9.7,11.7,9.0,21950,9.1,916,357,20,8.3,2.3,2089.25
17058,17560,45.8473362816,-1.13429637237,Bourcefranc-le-Chapus,1779.08,4002.96,10.3,9.0,13.2,9.1,20470,15.5,3506,2316,161,12.1,1.9,2604.48
17059,17220,46.1681538525,-1.02181156322,Bourgneuf,6231.38,4656.84,11.8,11.6,14.1,10.9,25550,6.2,1375,585,31,10.7,2.6,3241.85
17060,17120,45.4989856627,-0.760479056948,Boutenac-Touvent,7653.48,3212.69,9.9,9.0,13.1,9.2,18870,17.9,228,146,26,13.0,2.4,2201.94
17061,17210,45.3499135162,-0.261698224631,Bran,2732.59,2592.43,9.5,7.4,10.7,6.5,21010,10.9,137,82,7,7.7,2.0,1318.68
17062,17490,45.8650109231,-0.145421933634,Bresdon,4732.43,13898.42,8.7,6.0,10.5,8.9,20800,8.0,216,160,20,3.9,1.2,1756.45
17063,17700,46.0634336642,-0.695728258066,Breuil-la-Réorte,2519.98,14552.56,8.9,8.0,12.2,8.5,20370,14.7,453,224,24,8.2,2.9,1251.61
17064,17920,45.6939630579,-1.05445584311,Breuillet,4537.25,6298.37,11.3,10.6,13.2,9.6,24580,14.6,3010,1802,107,9.7,2.2,4317.55
17065,17870,46.0002799003,-0.966249355235,Breuil-Magné,2567.19,2428.11,10.9,10.6,12.3,9.0,24780,5.8,1777,805,51,9.5,2.7,2498.07
17066,17520,45.4750262399,-0.300808640902,Brie-sous-Archiac,2732.59,3645.03,9.3,7.4,12.3,7.5,22850,3.7,235,140,13,7.3,1.8,1756.45
17067,17160,45.8171155217,-0.253480989934,Brie-sous-Matha,2059.03,1587.19,8.7,6.6,10.5,7.6,21830,8.9,173,108,14,10.0,2.6,1129.31
17068,17120,45.5025646841,-0.737666203174,Brie-sous-Mortagne,17142.75,968.75,9.9,7.8,13.1,9.2,20580,8.3,243,155,18,12.8,2.2,1756.45
17069,17800,45.6665031177,-0.455953367996,Brives-sur-Charente,2210.37,2189.06,9.0,7.6,10.1,7.5,22520,3.1,232,119,18,4.4,2.7,1985.82
17070,17770,45.8065841077,-0.476018876791,Brizambourg,3080.87,2024.65,9.4,6.8,11.2,7.6,20810,16.5,934,505,58,13.2,2.2,1385.54
17071,17160,45.9023725634,-0.365190879008,La Brousse,4195.8,2705.43,9.2,6.6,10.5,7.6,21990,14.7,511,307,50,6.4,1.9,1713.89
17072,17770,45.777851301,-0.428355211255,Burie,1226.07,2496.84,9.4,8.5,11.2,7.6,20700,14.6,1303,719,126,9.9,2.4,1210.24
17073,17100,45.7919880619,-0.624437131463,Bussac-sur-Charente,2058.43,7282.31,9.0,7.4,11.2,8.0,22610,9.9,1277,638,46,6.0,2.4,1927.89
17074,17210,45.2021566078,-0.378592509253,Bussac-Forêt,2067.85,2579.12,9.6,7.4,10.5,7.4,20210,15.7,1053,500,49,11.1,2.7,1272.37
17075,17430,45.9278243256,-0.849803658691,Cabariot,3446.66,5328.85,10.5,8.2,12.4,9.1,21780,9.8,1386,636,44,10.4,2.6,2186.68
17076,17520,45.6100158658,-0.386567366555,Celles,4772.55,2159.45,9.3,7.4,11.2,7.5,20610,5.4,321,177,16,8.9,2.5,910.24
17077,17270,45.1273503043,-0.207698631448,Cercoux,3212.55,3661.9,8.5,8.4,10.2,7.2,19940,12.8,1235,677,84,8.4,2.6,1473.38
17078,17800,45.5445094942,-0.450256839324,Chadenac,10587.12,3645.03,9.3,7.6,12.3,7.1,21330,6.6,511,260,27,10.2,2.5,1927.08
17079,17890,45.7303444149,-1.06814190261,Chaillevette,2875.56,5201.14,10.5,8.8,12.4,9.2,21300,12.6,1610,982,65,12.3,2.3,2372.73
17080,17290,46.1091600914,-0.845524833213,Chambon,2067.56,4313.7,8.9,8.6,10.8,9.0,21210,10.9,961,451,45,9.2,2.4,1652.34
17081,17130,45.3058629174,-0.465409167934,Chamouillac,2732.59,4140.3,8.8,7.4,10.5,8.2,20800,15.4,372,195,24,9.4,2.6,2386.67
17082,17500,45.4287046076,-0.377244103646,Champagnac,10488.99,7341.25,8.8,7.4,12.3,7.5,21590,12.4,527,262,29,11.8,2.5,1190.71
17083,17620,45.8298794044,-0.91672258016,Champagne,2338.54,4733.52,10.5,8.2,12.4,9.1,21590,16.2,619,324,34,8.5,2.3,1865.51
17084,17240,45.5097912928,-0.647721858096,Champagnolles,4001.37,2563.93,8.7,7.8,11.6,7.1,19430,11.6,678,366,35,12.5,2.1,1778.17
17085,17430,45.9141109921,-0.777335359216,Champdolent,3842.1,5656.47,10.5,8.2,12.2,8.5,19690,9.6,408,213,29,9.0,2.1,1501.81
17086,17610,45.7339723464,-0.551943475215,Chaniers,2415.39,2485.43,9.0,9.2,11.2,7.5,22740,10.2,3587,1842,115,8.6,2.4,1958.13
17087,17380,45.9732176097,-0.644264493345,Chantemerle-sur-la-Soie,1625.0,1929.67,9.2,8.2,12.2,8.5,19610,6.5,205,93,4,8.8,2.7,1861.44
17089,17100,45.7644455528,-0.534261419507,La Chapelle-des-Pots,3425.4,7912.9,9.4,8.5,11.2,8.0,22290,10.5,1004,414,25,12.3,1.8,1588.87
17091,17230,46.2936903771,-1.08092039856,Charron,2553.89,4415.85,10.7,10.5,11.4,9.8,22310,8.0,2001,900,41,13.3,2.1,2516.88
17092,17130,45.3371917387,-0.416732007642,Chartuzac,2732.59,1616.96,8.8,7.4,12.3,8.2,20090,6.9,160,83,5,10.7,1.5,1756.45
17093,17480,45.8813853125,-1.2166234835,Le Château-d'Oléron,871.76,5009.73,10.5,9.5,13.2,9.1,21730,13.2,4270,3751,200,11.5,2.0,3426.0
17094,17340,46.0727342481,-1.08262101984,Châtelaillon-Plage,5729.18,8347.36,13.8,11.5,14.0,12.1,25540,15.5,5900,5238,343,13.5,1.8,4995.31
17095,17210,45.2987522613,-0.291493606073,Chatenet,2965.62,3645.03,8.5,7.4,10.2,6.5,20620,12.9,215,132,10,4.2,2.7,1968.09
17096,17130,45.3568170486,-0.359382651655,Chaunac,795.95,8448.15,8.8,7.4,10.5,6.5,21250,11.4,77,42,5,8.6,2.0,1628.45
17097,17600,45.6408933917,-0.902258961295,Le Chay,3742.21,3878.22,10.3,9.3,13.1,9.2,21660,12.0,778,406,37,11.0,2.5,2936.02
17098,17120,45.5140296568,-0.812247078106,Chenac-Saint-Seurin-d'Uzet,3189.88,4336.67,9.9,9.0,11.6,9.2,20810,16.1,598,517,41,9.8,2.1,1831.21
17099,17210,45.2531986872,-0.326507193163,Chepniers,2137.3,10847.69,9.3,7.4,10.5,7.4,20880,15.6,635,376,49,11.3,2.0,1028.47
17100,17610,45.7130812452,-0.446891176255,Chérac,1748.8,5232.24,9.4,8.5,11.2,7.5,22390,8.2,1118,572,39,11.1,2.5,1248.53
17101,17470,45.9677756754,-0.339891615561,Cherbonnières,7349.76,6904.23,9.2,6.6,10.5,8.2,18870,19.2,331,233,32,7.0,2.5,808.47
17102,17460,45.6928090808,-0.677270965738,Chermignac,3058.84,2944.03,9.0,7.4,13.0,8.0,23270,9.5,1263,624,36,7.1,2.4,1962.32
17103,17380,46.0451644754,-0.701084855026,Chervettes,2732.59,3645.03,9.3,7.8,11.7,8.2,21250,11.8,619,334,0,10.0,2.2,1756.45
17104,17210,45.2991036157,-0.212745427896,Chevanceaux,2117.95,1606.02,8.5,6.3,10.2,7.4,19730,11.4,1090,603,85,11.7,2.4,1266.77
17105,17510,45.9508835378,-0.121918052323,Chives,3762.2,4670.65,8.5,6.0,10.5,6.6,20930,17.4,316,265,34,5.5,1.3,1307.09
17106,17520,45.561206889,-0.313695229366,Cierzac,1439.19,1867.86,9.3,8.3,12.3,6.5,22390,6.6,313,148,20,6.9,2.5,1854.27
17107,17290,46.0380687499,-0.930603200492,Ciré-d'Aunis,2622.34,3345.51,8.9,8.6,12.2,9.0,21370,11.4,1455,672,34,12.9,2.1,2622.32
17108,17500,45.492260471,-0.444850950523,Clam,4472.33,4292.99,9.3,8.3,12.3,7.5,22860,4.8,407,226,12,8.9,2.2,1756.45
17109,17220,46.1423813762,-1.03660142128,Clavette,3388.97,4012.34,11.8,11.6,15.6,9.8,24480,10.5,1438,629,23,15.0,2.3,3169.9
17110,17270,45.170720294,-0.234166115218,Clérac,1957.68,3433.16,8.5,7.5,10.2,7.2,19190,13.2,977,558,90,9.1,2.3,877.82
17111,17240,45.470800102,-0.509938882977,Clion,1925.95,4180.27,8.7,6.9,10.5,9.2,20070,14.8,820,475,68,10.0,2.3,1118.2
17112,17600,45.7320429784,-0.75493581331,La Clisse,2994.8,3290.63,9.0,7.4,13.0,9.1,22070,10.2,713,342,35,11.7,2.4,2210.46
17113,17360,45.1155746531,-0.143215362973,La Clotte,2735.32,4660.86,8.5,8.4,10.2,7.4,19510,15.6,717,380,35,9.8,2.3,1483.63
17114,17330,46.0673425876,-0.462617046723,Coivert,3214.85,1968.16,9.0,6.8,10.8,7.0,19770,17.2,212,156,23,6.3,2.3,665.7
17115,17460,45.6427817429,-0.555075273986,Colombiers,1854.52,3671.55,8.7,7.6,11.6,8.0,20930,14.5,309,182,30,7.4,2.0,559.44
17116,17150,45.4182495786,-0.588917528415,Consac,1559.6,3645.03,9.3,6.9,10.5,7.4,18930,13.5,225,149,18,17.3,2.2,1644.64
17117,17470,46.0122478554,-0.261363378689,Contré,2732.59,2015.13,9.2,6.6,10.5,8.2,18270,9.7,140,84,12,13.3,2.8,1054.76
17118,17130,45.2448604983,-0.39280322021,Corignac,6905.59,4704.2,9.6,7.4,12.0,8.2,21180,13.4,348,156,7,9.4,2.2,2410.71
17119,17600,45.6322589932,-0.864025818728,Corme-Écluse,2462.33,3208.82,10.3,9.3,12.4,9.6,21040,10.3,1127,626,59,6.8,2.1,1365.24
17120,17600,45.7457848259,-0.809484393759,Corme-Royal,2355.27,3390.33,10.3,8.3,13.0,9.1,22280,11.3,1878,920,73,11.4,2.4,1937.06
17121,17670,46.2010718838,-1.4366169353,La Couarde-sur-Mer,7606.86,8915.92,12.1,12.0,14.5,9.4,27310,11.7,1137,2451,36,7.9,2.1,6814.09
17122,17800,45.6088801122,-0.428936735857,Coulonges,5631.24,1963.73,9.0,7.4,10.1,7.5,24720,14.6,234,115,13,5.3,1.8,1756.45
17124,17330,46.0375312829,-0.587834905531,Courant,4137.96,158761.4,9.0,7.0,12.2,8.5,19310,17.2,426,222,27,12.1,2.8,1077.1
17125,17400,45.9586702795,-0.481078558771,Courcelles,1538.23,1462.55,9.4,7.2,11.7,7.6,22600,12.6,462,248,12,6.8,1.9,1558.6
17126,17160,45.8429574627,-0.366358535503,Courcerac,3018.46,1408.67,9.4,6.6,11.2,8.9,20010,14.0,299,168,24,13.1,2.6,516.67
17127,17170,46.2550691794,-0.795122277526,Courçon,2269.76,3030.55,8.9,7.2,10.5,7.0,21170,14.9,1776,1054,183,16.9,2.0,2233.87
17128,17100,45.7030914699,-0.563571541525,Courcoury,2668.17,2719.46,9.0,7.4,11.2,8.0,22890,7.0,694,368,28,9.1,2.3,1701.05
17129,17130,45.3142239112,-0.50021379321,Courpignac,2732.59,1585.52,9.3,7.4,10.5,8.2,21620,10.8,419,220,26,7.8,2.1,2249.72
17130,17130,45.3197414345,-0.409244232565,Coux,1103.7,1830.58,9.3,7.4,10.5,7.4,19290,10.7,473,247,24,7.1,2.5,2352.94
17131,17120,45.576167197,-0.823756709657,Cozes,2274.9,3329.74,10.3,9.4,11.6,9.2,20760,15.9,2150,1302,138,13.1,2.0,2095.07
17132,17170,46.2148052495,-0.718162593168,Cramchaban,2264.91,5026.77,8.9,7.2,10.8,7.9,21520,13.1,650,323,41,8.7,2.7,1607.73
17133,17260,45.5951968202,-0.714548761582,Cravans,2385.25,4066.38,8.7,7.8,11.6,9.2,20700,15.3,896,442,34,13.0,2.6,1706.09
17134,17350,45.8503954667,-0.705638764922,Crazannes,4943.62,3628.16,9.4,6.9,13.0,8.0,20970,12.1,432,275,14,10.3,1.9,1965.96
17135,17160,45.916026224,-0.212186175866,Cressé,1160.46,6771.5,8.5,6.6,10.5,6.6,18710,13.3,229,164,20,10.9,1.9,802.97
17136,17220,46.1029311754,-0.998866254473,Croix-Chapeau,2976.65,6223.89,12.3,9.7,15.6,9.8,23020,11.8,1284,606,43,13.1,2.2,2912.21
17137,17330,46.0824925841,-0.504784352089,La Croix-Comtesse,1403.12,2114.27,9.0,7.0,12.2,8.2,19910,13.0,223,129,13,7.5,3.1,1383.33
17138,17470,46.0734166242,-0.387793874556,Dampierre-sur-Boutonne,2415.77,1124.23,9.2,6.2,10.1,7.0,19860,13.7,282,227,20,7.7,1.6,1018.94
17139,17330,46.1238616322,-0.549321763075,Dœuil-sur-le-Mignon,2159.78,5356.09,9.3,7.0,10.8,7.0,20960,14.6,336,215,27,3.9,2.0,1111.11
17140,17550,45.9096185439,-1.25750953748,Dolus-d'Oléron,4664.74,4684.74,10.9,9.7,13.2,9.1,22130,14.0,3144,4745,118,12.1,1.9,3570.72
17141,17610,45.7079445507,-0.496852759842,Dompierre-sur-Charente,4654.44,9701.51,9.0,8.5,11.2,7.5,21780,10.9,470,270,26,8.6,2.0,1481.54
17142,17139,46.1840946232,-1.06784317719,Dompierre-sur-Mer,4722.2,3536.86,12.5,10.7,14.1,10.9,25230,8.4,5638,2670,160,10.6,2.3,3462.35
17143,17100,45.8077681995,-0.578258177424,Le Douhet,3819.85,8590.42,9.4,7.4,11.7,8.0,22640,10.9,703,397,52,7.1,2.1,2993.34
17145,17800,45.5887183751,-0.452205793733,Échebrune,5116.77,11859.83,9.3,7.4,11.2,7.5,23290,7.1,485,255,10,7.3,3.3,1130.42
17146,17620,45.9024659097,-0.953390493199,Échillais,3184.7,3880.93,10.9,9.4,12.3,9.1,22760,10.8,3547,1753,96,11.2,2.5,2473.21
17147,17770,45.8146188936,-0.51932413355,Écoyeux,2622.82,2543.27,9.4,6.8,11.2,7.6,21170,11.9,1376,643,45,12.7,2.2,1459.89
17148,17810,45.7939911304,-0.694780604398,Écurat,4988.75,16187.88,10.3,8.4,13.0,8.0,23280,9.5,459,220,11,5.9,2.5,2419.45
17149,17510,45.9975741287,-0.206497538135,Les Éduts,2732.59,3645.03,8.5,6.2,10.5,8.2,21250,20.8,59,42,3,10.0,2.2,1460.38
17150,17400,45.978753015,-0.424376314206,Les Églises-d'Argenteuil,2032.23,2326.0,9.2,6.8,11.2,7.6,19740,10.6,521,292,37,13.9,2.2,1384.06
17151,17600,45.7019009166,-0.979905969423,L'Éguille,3380.51,3365.96,10.3,8.8,12.4,9.2,20670,13.2,876,540,39,10.2,2.4,1376.47
17152,17120,45.5457212602,-0.795992154585,Épargnes,2403.46,2761.82,8.7,9.0,13.1,9.2,19800,11.1,874,543,59,7.4,2.4,1729.37
17153,17137,46.2481463868,-1.11394343673,Esnandes,4217.5,5468.54,11.9,11.3,14.1,9.8,23280,12.0,2076,1003,68,12.5,2.2,3252.88
17154,17250,45.7949558042,-0.770156195099,Les Essards,3272.1,5985.1,10.3,8.4,12.4,9.1,21650,8.0,712,336,28,8.1,2.0,1904.15
17155,17750,45.7225172256,-1.10053747379,Étaules,3410.73,3904.04,11.3,8.8,13.2,9.6,21720,14.8,2618,1542,143,13.6,2.2,2336.1
17156,17130,45.3325890247,-0.374711458705,Expiremont,1468.49,1522.94,9.3,7.4,10.5,7.4,18920,13.6,129,65,12,10.0,3.8,1780.82
17157,17350,45.891354381,-0.588645378204,Fenioux,2444.47,3319.52,9.4,7.2,11.7,7.6,21760,13.0,163,97,13,10.8,2.7,785.71
17158,17170,46.2293761837,-0.854091719945,Ferrières,4115.71,4330.88,10.7,8.8,11.7,9.0,21480,7.8,1066,475,24,15.5,2.5,2784.0
17159,17800,45.5312541741,-0.525777430829,Fléac-sur-Seugne,2228.28,3645.03,8.7,7.6,11.2,9.2,21120,13.5,365,203,24,7.5,2.2,1227.27
17160,17120,45.4763669964,-0.747580624551,Floirac,2579.46,11697.64,8.7,9.0,11.6,7.1,21630,6.7,413,268,36,7.8,1.9,1517.36
17161,17630,46.1793660462,-1.32163012232,La Flotte,8558.62,12791.5,12.1,12.0,14.5,9.4,24200,12.8,2785,3280,101,11.9,2.3,8551.65
17162,17510,45.9472253367,-0.176439795727,Fontaine-Chalendray,3383.97,2098.45,8.5,6.0,10.5,6.0,16490,5.8,198,184,29,9.4,2.0,1144.23
17163,17500,45.3786053942,-0.382932208818,Fontaines-d'Ozillac,1391.84,1704.74,8.8,7.4,10.5,7.4,20740,8.6,514,263,39,9.0,2.5,899.68
17164,17100,45.767715256,-0.590510817969,Fontcouverte,2840.95,3924.58,9.4,7.4,11.2,8.0,24570,9.5,2326,1131,51,9.5,2.4,2249.56
17165,17400,45.9056728003,-0.463265177697,Fontenet,2133.38,1814.4,9.4,6.8,11.7,7.6,21750,13.3,392,233,38,5.1,3.1,1116.57
17166,17290,46.1090753059,-0.892101839793,Forges,3295.05,3200.16,10.7,8.6,11.7,9.0,21970,11.8,1316,589,52,9.5,2.3,1966.95
17167,17270,45.2054910873,-0.125754357032,Le Fouilloux,2417.67,7693.9,8.5,7.5,10.2,7.4,18090,13.0,771,417,56,11.0,2.2,822.37
17168,17450,45.9830753407,-1.07700521801,Fouras,4796.61,5926.91,11.9,10.5,12.3,9.1,25140,16.2,3934,4566,134,9.3,1.8,4120.61
17169,17770,45.861546377,-0.586815136016,La Frédière,2732.59,3645.03,9.3,7.8,11.7,8.2,21250,11.8,619,334,0,10.0,2.2,1756.45
17171,17250,45.8619856256,-0.756393438538,Geay,3569.69,3668.98,10.3,6.9,13.0,9.1,21670,12.1,767,402,41,9.7,2.4,1851.03
17172,17260,45.5615748972,-0.684082033771,Gémozac,2483.28,1705.72,9.5,8.1,11.6,7.1,20110,16.3,2906,1586,107,14.9,2.1,1575.35
17173,17360,45.2212946692,-0.0522747983265,La Genétouze,2732.59,4563.85,8.5,7.5,10.2,7.2,19330,9.5,234,144,19,5.5,2.5,815.6
17174,17430,46.0190321633,-0.782334091478,Genouillé,3957.99,9141.39,8.9,8.0,11.7,8.5,21160,11.5,909,434,41,8.9,2.7,2004.89
17175,17520,45.5608582363,-0.341121661221,Germignac,2182.19,3581.45,9.3,8.3,12.3,6.5,22310,9.6,645,313,26,12.1,2.3,1278.48
17176,17160,45.9287373881,-0.312106629697,Gibourne,2614.75,1848.04,8.7,6.6,10.5,7.6,20060,8.2,107,83,16,2.0,2.0,1169.09
17177,17160,45.9355569039,-0.250780805223,Le Gicq,5418.26,763.7,8.5,6.6,10.5,8.2,16870,17.5,118,91,17,5.0,1.7,1756.45
17178,17260,45.5409958957,-0.632072583649,Givrezac,2732.59,1525.3,9.9,7.8,11.6,7.1,21250,6.2,70,42,8,12.0,3.0,1756.45
17179,17100,45.7062633213,-0.60684737481,Les Gonds,2246.95,4496.74,9.0,7.8,11.2,8.0,23380,11.6,1772,896,64,11.6,2.2,1467.07
17180,17490,45.8892084332,-0.222544638177,Gourvillette,4223.83,1979.97,8.7,7.1,10.5,8.9,21250,6.1,89,85,11,6.7,2.3,1666.67
17181,17350,45.8753248293,-0.602567687993,Grandjean,10227.83,21060.92,9.2,7.2,12.2,7.6,20220,15.3,310,182,31,10.0,2.4,1203.57
17182,17170,46.2475550874,-0.760121003243,La Grève-sur-Mignon,2136.57,3169.34,8.9,7.2,11.7,7.9,22140,8.9,553,273,23,8.9,2.6,1500.5
17183,17120,45.6032269459,-0.83530051461,Grézac,2605.29,4433.12,9.9,7.8,12.4,9.2,21620,9.0,938,529,50,8.5,2.3,1519.57
17184,17620,45.7918128326,-0.952372788645,La Gripperie-Saint-Symphorien,4607.58,3222.34,10.5,8.2,13.0,9.1,21970,12.4,587,287,22,7.7,2.4,1556.36
17185,17600,45.7264855028,-0.965197924835,Le Gua,3094.66,4110.64,10.5,8.3,12.4,9.2,20860,15.2,2100,1105,85,10.1,2.0,2314.9
17186,17540,46.1876266957,-0.870885218413,Le Gué-d'Alleré,3028.98,4391.96,8.9,8.8,11.7,9.0,21350,6.7,963,394,12,11.6,2.3,2115.02
17187,17500,45.443029378,-0.511210601117,Guitinières,4865.77,2579.19,8.7,6.9,10.5,9.2,21590,10.0,513,280,23,6.0,1.8,1481.48
17188,17160,45.8625742975,-0.25542114028,Haimps,5238.95,2643.71,8.7,7.1,10.5,8.9,20570,12.1,455,272,33,8.4,2.0,981.17
17189,17320,45.8435716434,-1.05203009674,Hiers-Brouage,2732.59,3645.03,9.3,7.8,11.7,8.2,21250,11.8,619,334,0,10.0,2.2,1756.45
17190,17137,46.1935718627,-1.18641543002,L'Houmeau,6501.11,7075.47,13.4,11.7,15.0,10.9,26610,13.8,2865,1494,55,13.9,2.3,4003.68
17191,17460,45.6594237769,-0.573779997432,La Jard,1686.3,2582.63,8.7,7.6,11.6,7.5,21330,7.3,427,204,16,12.8,3.0,2607.91
17192,17520,45.5533573947,-0.405979459811,Jarnac-Champagne,1910.99,2102.39,9.3,8.3,10.1,7.5,22880,8.5,835,453,45,12.3,2.4,1442.2
17193,17220,46.1214512061,-1.07142455217,La Jarne,4180.17,2773.72,12.3,11.0,15.6,9.8,24490,11.3,2541,1216,38,12.1,2.2,3308.5
17194,17220,46.1239232012,-1.01164042157,La Jarrie,3766.08,4761.61,10.7,10.0,12.3,9.8,24060,8.7,3336,1571,98,10.9,2.4,3011.57
17195,17330,46.035099239,-0.480660269998,La Jarrie-Audouin,761.09,3570.73,9.2,7.0,12.2,8.2,19950,17.4,274,176,10,7.6,1.7,1398.54
17196,17260,45.5828838035,-0.615889273247,Jazennes,1347.78,9555.28,8.7,8.1,11.6,9.2,22470,12.4,545,265,25,9.3,2.5,1378.85
17197,17500,45.4419827405,-0.427614839205,Jonzac,1391.29,2054.44,9.6,8.7,12.5,8.3,19800,19.6,3519,3033,408,16.7,1.7,2162.5
17198,17770,45.8399129453,-0.577046782244,Juicq,2732.59,6628.68,9.4,6.9,11.7,7.6,20990,9.2,301,143,9,9.6,2.5,1878.38
17199,17130,45.2770542322,-0.356321987805,Jussas,2732.59,3645.03,9.3,7.4,10.5,7.4,18030,18.8,158,76,7,6.7,3.0,1756.45
17200,17140,46.1865247974,-1.15219925305,Lagord,4424.9,4960.08,13.6,11.5,14.1,10.9,26650,10.3,7098,3805,170,12.0,2.1,4041.77
17201,17170,46.2156875435,-0.755573639604,La Laigne,4732.0,2071.17,8.9,7.2,11.7,7.0,23030,14.9,480,224,26,17.2,2.7,1470.09
17202,17380,45.9948050533,-0.600345343347,Landes,2044.33,583.47,9.2,8.0,12.2,8.5,21150,11.1,587,338,36,6.2,2.1,1581.4
17203,17290,46.0695634718,-0.857047499487,Landrais,3065.47,3316.08,10.9,8.6,12.3,9.0,22920,12.0,729,355,30,13.1,2.1,1420.15
17204,17500,45.3778692779,-0.333027025612,Léoville,2118.16,3977.29,8.5,7.4,10.5,6.5,20330,10.7,306,180,36,3.8,2.0,1291.67
17205,17870,45.9927474473,-0.927468396271,Loire-les-Marais,3160.56,4040.32,10.9,10.6,12.3,9.0,24110,12.7,395,158,9,6.0,2.3,1837.75
17206,17470,45.9584075914,-0.289572002705,Loiré-sur-Nie,2732.59,5194.01,9.2,6.6,10.5,8.2,20120,17.1,283,186,9,10.7,2.1,375.51
17207,17111,46.2206970303,-1.44742224343,Loix,12679.11,9307.09,12.1,12.0,14.5,9.4,25540,15.6,734,1089,39,13.7,2.5,7055.63
17208,17230,46.2376082044,-0.974659436539,Longèves,3344.12,3413.28,10.7,10.0,14.1,9.8,23260,5.8,1051,431,20,12.3,2.5,2565.75
17209,17520,45.5911112245,-0.396064768995,Lonzac,2625.79,927.66,9.0,7.4,11.2,7.5,23280,8.7,269,132,14,5.5,2.3,976.74
17210,17240,45.4601958891,-0.67473411902,Lorignac,3438.82,5573.07,9.3,6.9,10.5,7.4,19000,10.6,505,365,59,4.8,2.1,1622.56
17211,17330,46.0441648862,-0.513759292382,Loulay,1543.07,2237.46,9.0,7.2,12.2,8.5,20590,11.4,751,381,41,12.8,1.8,1088.9
17212,17160,45.8315187866,-0.228314120891,Louzignac,1514.37,9745.53,8.7,6.6,10.5,7.6,22520,11.6,165,116,14,23.7,1.7,1307.59
17213,17330,46.0435885992,-0.543351399248,Lozay,4236.19,3645.03,9.2,7.0,12.2,8.5,19070,19.6,134,114,23,1.5,1.0,1642.11
17214,17600,45.7151143734,-0.763297956769,Luchat,3112.7,2014.23,9.0,7.4,13.0,9.1,22970,12.7,536,232,11,13.0,2.3,2333.33
17215,17500,45.4672777871,-0.473062753484,Lussac,2732.59,3645.03,8.8,8.3,12.3,7.1,21250,8.0,47,32,5,15.0,2.3,1756.45
17216,17430,45.9428507855,-0.822245809156,Lussant,1462.56,3953.26,10.5,8.0,12.2,8.5,20600,15.2,1012,470,27,7.0,2.8,1575.65
17217,17490,45.7959532794,-0.203637900401,Macqueville,2007.62,6207.47,8.7,7.1,10.5,8.9,20450,11.5,291,175,32,9.6,2.7,10454.55
17218,17230,46.3120332384,-0.979496238951,Marans,2271.97,2847.51,10.3,8.5,11.9,9.7,21020,14.6,4505,2601,269,13.3,2.1,2066.0
17219,17320,45.8221269588,-1.10929995315,Marennes,2764.25,4147.87,10.4,8.9,12.0,9.1,20980,18.1,6234,4208,362,10.8,2.0,2504.91
17220,17800,45.5195994451,-0.472009798859,Marignac,3950.7,4890.95,9.3,7.8,12.3,7.1,22230,8.1,415,218,17,7.1,2.2,1887.1
17221,17700,46.1217050535,-0.619473280005,Marsais,3072.99,3184.78,9.0,8.6,10.8,8.5,20060,14.4,930,479,52,9.7,2.3,1142.65
17222,17137,46.2279815939,-1.13416579432,Marsilly,4555.92,4103.35,11.9,11.8,14.1,10.9,26580,8.3,3130,1513,50,13.1,2.2,3364.32
17223,17490,45.8631244023,-0.217593308296,Massac,1667.78,3061.16,8.5,7.1,10.5,6.6,20020,9.1,181,125,21,10.6,1.8,949.49
17224,17160,45.8637317103,-0.314996278369,Matha,1247.01,825.47,8.6,7.0,10.5,7.6,19840,15.4,2160,1263,186,12.5,1.9,1168.38
17225,17570,45.7059879117,-1.17086670363,Les Mathes,4622.32,7974.35,11.3,9.8,13.2,9.6,23460,14.8,2110,5037,13,12.2,1.9,4135.44
17226,17400,45.9158199464,-0.559708232455,Mazeray,1492.88,2747.13,9.4,6.9,11.7,7.6,20800,9.2,973,478,40,7.0,2.4,1906.19
17227,17800,45.5589092028,-0.587964814148,Mazerolles,5036.92,3779.5,9.9,8.1,11.6,7.1,21780,11.4,221,131,18,9.2,1.5,1756.45
17228,17600,45.64232723,-0.957332811747,Médis,3816.07,5341.87,11.3,9.8,13.1,9.6,21960,13.6,2992,1712,110,8.9,2.3,2730.78
17229,17210,45.329823943,-0.300959977347,Mérignac,2183.86,7452.29,8.5,7.4,10.2,7.4,19450,13.8,219,113,4,8.0,3.0,1447.14
17230,17132,45.5728672886,-0.94771675691,Meschers-sur-Gironde,4542.13,4661.2,9.9,9.0,13.1,9.6,23410,16.0,3123,3467,136,11.5,1.9,3287.68
17231,17130,45.3464492913,-0.313416526888,Messac,2732.59,1726.61,8.5,7.4,10.5,7.4,21250,6.5,106,78,14,6.7,1.3,280.9
17232,17120,45.6523583243,-0.82013449004,Meursac,4066.7,4410.69,10.3,8.0,11.6,9.2,20570,10.2,1530,882,83,11.8,2.1,2022.15
17233,17500,45.44359095,-0.355376176711,Meux,2148.27,3385.91,9.3,7.4,12.3,7.5,22890,5.5,325,185,18,13.1,2.3,1610.37
17234,17330,46.0822034021,-0.558494277058,Migré,2732.59,2458.32,9.0,7.0,12.2,8.5,19570,18.6,344,196,22,5.2,2.4,2222.22
17235,17770,45.8057541534,-0.397192651315,Migron,3418.53,4143.8,9.4,6.6,11.7,7.6,20820,9.9,721,386,36,9.1,2.7,1206.78
17236,17150,45.364556119,-0.565410361333,Mirambeau,1887.81,1261.18,8.2,6.8,10.5,7.1,18650,15.8,1500,973,179,13.9,1.9,994.55
17237,17780,45.8887503165,-1.05150894917,Moëze,1643.69,4528.16,10.5,9.0,13.2,9.1,20140,14.2,585,298,21,11.9,2.4,2340.54
17239,17160,45.8060909657,-0.337202264129,Mons,3946.06,2313.32,9.4,8.5,11.2,8.9,20860,15.2,442,239,28,6.9,2.6,1016.82
17240,17130,45.2880726146,-0.387479585943,Montendre,1603.09,2373.14,9.0,7.9,11.1,7.4,19360,17.3,3226,2009,246,13.1,2.1,1447.3
17241,17270,45.2102562362,-0.16987214667,Montguyon,1437.2,1810.91,8.5,7.5,10.2,7.4,19400,19.0,1565,902,121,11.7,2.2,1109.0
17242,17800,45.6577145022,-0.511550722755,Montils,2165.59,2769.21,9.0,7.6,11.2,7.5,20950,13.2,869,451,42,10.8,2.6,2012.65
17243,17210,45.2335398359,-0.270683431895,Montlieu-la-Garde,2256.76,1901.08,8.5,7.5,10.2,7.4,19720,10.9,1229,653,118,9.4,2.0,1428.74
17244,17260,45.633394289,-0.754060385506,Montpellier-de-Médillan,2295.04,3178.89,10.3,8.1,11.6,8.0,21340,10.7,690,395,42,7.8,2.1,1189.21
17245,17220,46.1551359156,-1.01723607292,Montroy,626.75,6276.41,11.8,11.6,11.7,10.9,24640,7.8,911,395,22,8.2,2.3,3237.62
17246,17430,45.9768256622,-0.797162979537,Moragne,6258.6,3013.94,9.0,8.0,11.7,8.5,20790,11.1,517,234,11,6.0,2.4,1833.98
17247,17113,45.7079105893,-1.02132531485,Mornac-sur-Seudre,3273.23,4193.95,10.3,8.8,12.4,9.2,21980,15.8,855,559,49,10.7,1.9,2459.39
17248,17120,45.4982547943,-0.777581892089,Mortagne-sur-Gironde,3683.8,3240.42,8.7,9.0,11.6,9.2,19490,17.8,916,769,79,13.9,1.7,1467.6
17249,17500,45.3992961436,-0.322350930618,Mortiers,1969.55,5026.11,8.5,7.4,10.5,7.1,19560,10.3,175,108,14,10.6,1.7,686.49
17250,17240,45.5027021197,-0.541750931671,Mosnac,1539.42,2768.23,8.7,7.8,11.2,9.2,19860,11.3,476,292,36,6.8,2.3,2049.12
17252,17350,45.8721844676,-0.714571429678,Le Mung,3133.27,3327.18,10.3,6.9,13.0,8.0,22760,13.7,304,161,12,6.9,2.4,2913.39
17253,17430,46.0112293883,-0.863875531259,Muron,3368.38,4348.65,8.9,8.4,12.2,8.5,20080,10.6,1349,630,51,13.9,2.7,1774.13
17254,17380,46.0220340085,-0.624302957376,Nachamps,945.41,3121.45,9.0,7.0,12.2,8.5,20120,19.4,187,126,12,6.0,2.8,2717.39
17255,17600,45.7474799691,-0.875438147918,Nancras,2676.05,3563.96,10.5,8.8,12.4,9.2,20690,11.5,798,394,31,11.2,2.6,1523.25
17256,17770,45.8614440922,-0.48338081833,Nantillé,2430.31,4266.82,9.4,6.9,11.7,7.6,21040,6.6,324,184,17,13.1,2.1,1048.66
17257,17510,45.9770392382,-0.242404369884,Néré,1058.91,1142.38,9.2,6.6,10.5,6.6,19500,16.3,683,454,95,7.1,1.8,1257.39
17258,17520,45.5147014586,-0.399573394694,Neuillac,2571.46,5091.15,8.8,8.3,12.3,7.5,22950,13.0,302,151,20,10.4,2.5,1467.7
17259,17500,45.5096455454,-0.42809234056,Neulles,2732.59,3645.03,8.8,7.6,12.3,7.5,19930,9.0,153,77,4,14.3,2.1,1756.45
17260,17270,45.2543430051,-0.166383193961,Neuvicq,14496.81,3645.03,8.5,6.3,10.2,7.4,20150,13.1,466,238,34,10.9,2.6,1483.33
17261,17490,45.8124380764,-0.160919990251,Neuvicq-le-Château,3234.82,5856.94,8.7,6.0,10.5,8.9,20040,13.3,312,230,36,10.0,2.0,883.33
17262,17810,45.7541162328,-0.745291406801,Nieul-lès-Saintes,2130.55,2965.09,9.0,7.4,13.0,9.1,22240,10.2,1262,596,27,11.3,2.5,2329.51
17263,17150,45.4135796399,-0.529109086758,Nieul-le-Virouil,1686.51,6862.2,8.7,6.9,10.5,7.1,21280,12.8,585,348,41,15.1,2.2,756.67
17264,17137,46.2087181622,-1.16596945116,Nieul-sur-Mer,4398.69,5428.12,11.9,11.1,14.1,10.9,25370,12.6,5859,3010,172,9.5,2.2,3694.08
17265,17600,45.7567012734,-1.02839049392,Nieulle-sur-Seudre,3593.39,4849.38,10.5,9.0,12.4,9.2,20400,14.0,1208,622,41,13.4,2.3,3019.74
17266,17380,45.9351578691,-0.656955735884,Les Nouillers,3663.32,4008.33,9.2,8.2,12.2,8.5,19000,14.3,719,380,47,12.1,2.8,2147.73
17267,17540,46.2376314923,-0.92874328241,Nuaillé-d'Aunis,3853.08,4830.43,10.7,9.7,11.4,9.0,22890,10.7,1165,522,38,9.2,2.2,2382.98
17268,17470,46.0168530348,-0.410350228438,Nuaillé-sur-Boutonne,899.09,2707.38,9.0,6.8,10.8,8.2,22520,8.9,191,118,13,2.0,1.0,1000.0
17269,17210,45.2210229962,-0.23417146354,Orignolles,1971.08,6557.42,8.5,7.4,10.2,8.6,20360,13.3,687,366,41,6.9,2.7,1177.67
17270,17500,45.4075198729,-0.402895489298,Ozillac,3069.8,3029.99,8.8,7.4,10.5,7.1,20360,10.6,619,427,36,12.3,1.6,2268.82
17271,17470,45.9859836336,-0.38918870806,Paillé,4875.05,2269.98,9.2,6.6,10.5,7.6,19700,12.5,322,218,23,12.1,1.9,1063.73
17272,17700,46.092214467,-0.816002236458,Péré,2732.59,3645.03,9.3,7.8,11.7,8.2,21250,11.8,619,334,0,10.0,2.2,1756.45
17273,17800,45.6367129971,-0.459608407894,Pérignac,2223.48,3395.56,9.3,7.4,11.2,7.5,21850,12.5,1017,532,65,8.3,2.5,1863.84
17274,17180,46.1574551352,-1.08886084864,Périgny,4748.41,3049.3,13.2,11.3,15.4,11.2,25350,11.8,8684,4316,133,15.7,2.0,3909.41
17275,17810,45.7245689026,-0.710843452649,Pessines,2686.03,4156.49,9.0,7.4,13.0,8.0,22730,11.8,774,379,21,8.3,2.2,2028.06
17276,17210,45.3165769615,-0.293306922217,Le Pin,2732.59,3645.03,9.5,7.4,10.5,6.5,21250,35.5,75,43,5,23.3,1.9,1756.45
17277,17400,45.9951682951,-0.52001872758,Essouvert,2298.49,4677.57,9.2,7.2,11.7,8.5,21160,10.3,1092,603,68,7.8,2.2,1337.54
17278,17600,45.7047969225,-0.794411464518,Pisany,2563.57,3007.05,10.3,8.1,12.4,9.2,20770,12.6,761,379,32,12.8,2.2,1965.88
17279,17240,45.4510770094,-0.578865597012,Plassac,1431.94,763.63,8.7,6.9,11.6,7.1,20240,10.0,626,339,45,10.5,2.3,1854.16
17280,17250,45.8251164352,-0.728894727031,Plassay,4482.2,2509.79,10.3,8.4,13.0,9.1,21900,11.6,731,372,35,10.3,2.4,2273.09
17281,17210,45.2800784632,-0.305820678246,Polignac,4848.9,3645.03,9.3,7.4,10.2,7.4,19910,9.5,159,87,11,7.1,1.6,1756.45
17282,17130,45.3278061357,-0.348630198728,Pommiers-Moulons,1856.71,3247.71,8.8,7.4,10.5,6.5,18880,14.0,213,114,8,5.3,2.4,1256.07
17283,17800,45.5770487335,-0.557449237102,Pons,1666.29,860.08,9.2,7.6,11.4,7.6,20190,18.6,4203,2648,365,14.2,1.8,1426.8
17284,17250,45.8257228994,-0.865695822843,Pont-l'Abbé-d'Arnoult,1638.38,2331.74,10.3,8.0,12.4,9.1,21350,12.6,1776,990,109,11.3,2.0,1795.44
17285,17350,45.818051845,-0.672067298755,Port-d'Envaux,2761.58,2620.38,9.4,6.9,11.7,8.0,21000,9.6,1147,670,57,8.6,2.3,1431.73
17286,17880,46.2420561008,-1.50055338015,Les Portes-en-Ré,11759.43,12489.0,12.1,12.0,14.5,9.4,24790,16.0,594,1968,26,8.6,1.4,11002.78
17287,17210,45.2715894817,-0.258813906971,Pouillac,1208.86,1722.94,8.5,7.4,10.2,7.4,19220,16.7,249,134,15,14.9,1.9,1756.45
17288,17400,45.949447685,-0.452458051451,Poursay-Garnaud,2100.3,43.51,9.2,6.8,11.2,8.5,20710,15.0,315,165,23,16.2,2.4,1025.0
17289,17460,45.6684430786,-0.624175706556,Préguillac,4673.34,6444.23,9.0,7.4,11.6,8.0,24170,10.6,445,215,10,12.9,2.1,2274.65
17290,17160,45.8325260204,-0.347339600431,Prignac,2555.24,3407.55,8.7,6.6,11.2,7.6,21430,12.1,294,153,10,8.9,1.1,1368.18
17291,17138,46.1853935247,-1.11393605159,Puilboreau,6659.13,4506.11,13.0,11.3,15.9,11.2,24560,10.5,6556,3292,152,13.3,2.0,3522.04
17292,17380,45.9446549466,-0.753552985644,Puy-du-Lac,3180.6,15098.73,10.5,8.2,11.7,8.5,20860,11.5,512,233,15,10.2,2.5,1480.87
17293,17700,46.1338386234,-0.817268568399,Puyravault,3168.35,7942.28,10.7,9.7,11.7,9.0,21610,9.9,695,334,32,12.9,2.2,2268.06
17294,17380,46.0332957375,-0.656009266758,Puyrolland,1786.2,5086.94,8.9,8.0,11.7,8.5,19790,24.4,201,123,27,8.8,2.4,1309.45
17295,17500,45.4656327459,-0.380359644815,Réaux sur Trèfle,1697.51,2806.6,8.8,8.3,12.3,7.5,21410,7.4,794,453,43,11.1,2.5,1706.41
17296,17460,45.6729776474,-0.729506627362,Rétaud,3398.24,5482.34,10.3,8.1,11.6,8.0,22370,12.6,1059,553,34,8.3,2.0,1711.12
17297,17940,46.159061213,-1.28302289715,Rivedoux-Plage,6949.31,13037.8,12.1,12.0,14.5,9.4,27150,15.0,2305,2120,100,12.5,2.1,7882.98
17298,17460,45.6387910641,-0.708723744526,Rioux,2813.39,3599.29,8.7,8.1,11.6,9.2,20010,10.1,986,506,30,11.2,2.5,1546.59
17299,17300,45.9432344536,-0.972356445692,Rochefort,2473.51,2567.58,11.0,9.4,13.6,9.9,19850,21.1,23584,15584,1410,15.5,1.8,3329.05
17300,17000,46.1620643972,-1.17465702836,La Rochelle,5450.91,6722.29,14.1,11.5,15.8,12.1,21500,19.1,77205,53376,3576,23.1,1.6,5114.93
17301,17510,45.9906722092,-0.176069744425,Romazières,1207.73,3274.31,8.5,6.0,10.5,8.2,21250,0.0,70,72,8,10.0,1.7,722.22
17302,17250,45.861176417,-0.80155939841,Romegoux,2556.26,3864.14,10.5,8.4,12.4,9.1,20650,9.8,593,338,38,7.0,1.9,2142.86
17303,17170,46.299708575,-0.786738515903,La Ronde,1934.88,2735.71,8.9,7.2,11.4,7.9,20500,12.8,1031,563,51,11.6,2.2,1059.35
17304,17800,45.682529052,-0.492871184363,Rouffiac,3171.82,3670.17,9.4,8.5,11.2,8.0,22400,10.6,478,256,30,7.6,2.7,2190.67
17305,17130,45.3361304693,-0.452069072521,Rouffignac,2025.92,1485.35,8.8,7.4,12.3,8.2,21860,12.7,414,253,27,4.6,1.7,1756.45
17306,17200,45.6346574238,-1.01791403375,Royan,4784.05,3336.64,12.2,10.2,14.1,10.7,22690,19.1,18419,20837,726,14.2,1.6,3985.68
17307,17600,45.7137265647,-0.895448885479,Sablonceaux,3513.49,3695.83,10.3,8.8,12.4,9.2,21280,9.9,1391,731,61,11.4,2.2,2304.92
17308,17620,45.8677929392,-0.952947405262,Saint-Agnant,2060.3,2577.24,10.9,8.2,12.3,9.1,22670,11.0,2700,1209,80,11.2,2.6,2080.3
17309,17360,45.1668978802,-0.0436327584694,Saint-Aigulin,1436.86,1837.1,8.5,6.3,10.2,7.4,19440,14.4,1895,1177,195,11.6,2.1,1155.84
17310,17260,45.5833337815,-0.75733412108,Saint-André-de-Lidon,1990.16,4181.06,8.7,7.8,11.6,9.2,20520,10.8,1119,638,26,11.0,2.4,1803.46
17311,17570,45.6859547185,-1.10616889515,Saint-Augustin,3287.09,4636.42,11.3,8.8,13.2,9.6,22460,12.5,1381,1072,47,11.4,2.1,3171.89
17312,17150,45.3405019965,-0.644960130156,Saint-Bonnet-sur-Gironde,17304.08,3573.65,9.3,6.9,12.0,7.4,19330,13.7,826,531,51,8.7,2.1,1097.94
17313,17770,45.7690651719,-0.472533882609,Saint-Bris-des-Bois,3241.9,2160.75,9.4,8.5,11.2,8.9,21820,16.3,381,226,27,11.0,1.9,2666.67
17314,17770,45.7554033226,-0.490821600158,Saint-Césaire,2443.3,10641.59,9.0,6.8,11.2,7.5,21640,8.2,894,484,38,8.6,2.1,1853.09
17315,17220,46.1399234323,-0.948048348977,Saint-Christophe,3521.51,3956.67,10.7,11.6,11.4,9.0,22600,9.6,1362,644,56,11.4,2.2,3329.07
17316,17520,45.448387711,-0.302733350511,Saint-Ciers-Champagne,5180.1,6477.33,9.3,7.4,12.3,7.1,20920,4.7,397,209,23,5.5,2.8,666.67
17317,17240,45.4314531462,-0.633076943744,Saint-Ciers-du-Taillon,4058.86,3186.4,9.3,6.9,10.5,7.4,18620,14.4,559,382,40,10.9,2.2,1106.46
17318,17590,46.2363966414,-1.53823691013,Saint-Clément-des-Baleines,6262.55,6945.57,12.1,12.0,14.5,9.4,25120,16.0,682,1528,32,7.6,2.1,6020.42
17319,17210,45.281890465,-0.273965618336,Sainte-Colombe,2732.59,3645.03,8.5,7.4,10.5,6.5,20330,10.4,107,61,5,14.0,1.9,1756.45
17320,17430,45.9480944751,-0.787759581608,Saint-Coutant-le-Grand,4712.87,3291.46,10.5,8.0,11.7,8.5,21880,11.3,413,199,15,4.7,2.6,1407.73
17321,17380,45.9970417081,-0.740341875161,Saint-Crépin,4727.53,3645.03,9.0,8.0,11.7,8.5,21200,11.5,361,168,17,6.8,3.4,1547.62
17322,17170,46.2689963967,-0.827114338607,Saint-Cyr-du-Doret,2539.25,3938.19,8.9,8.8,11.7,7.9,21510,6.1,678,265,32,11.1,2.7,1629.26
17323,17650,46.0234747885,-1.38577964477,Saint-Denis-d'Oléron,5061.05,4481.46,10.5,9.0,13.2,9.1,23470,16.2,1283,2903,76,8.2,2.2,4283.04
17324,17150,45.4008726045,-0.570073818509,Saint-Dizant-du-Bois,627.96,3645.03,8.8,6.9,12.0,7.1,21250,11.5,111,65,5,14.0,2.1,583.33
17325,17240,45.4259413548,-0.710571856304,Saint-Dizant-du-Gua,4961.26,7273.86,8.7,7.8,11.6,7.1,19350,13.8,538,404,65,11.2,2.3,1720.19
17326,17520,45.498090644,-0.274132847243,Saint-Eugène,6005.55,1447.91,9.3,7.4,12.3,6.5,23470,8.2,286,154,25,5.1,2.7,501.63
17327,17330,46.0937313231,-0.603804881739,Saint-Félix,3101.45,6040.35,9.0,7.0,12.2,8.5,19220,13.6,311,179,28,8.7,3.1,1570.18
17328,17240,45.461784663,-0.722254131989,Saint-Fort-sur-Gironde,5083.36,9946.36,8.7,7.8,11.6,7.1,19130,13.3,902,687,77,10.5,1.8,1664.9
17329,17780,45.9134705375,-1.06195684494,Saint-Froult,6484.69,2191.95,10.9,10.6,13.2,9.1,21120,17.5,357,211,15,9.7,2.4,1944.29
17330,17250,45.7749267656,-0.892730905107,Sainte-Gemme,2252.79,4375.02,10.5,8.2,13.0,9.2,19570,15.8,1340,718,50,11.7,2.8,2020.5
17331,17240,45.4802811029,-0.569721710177,Saint-Genis-de-Saintonge,2229.29,2533.93,9.9,6.9,11.2,7.1,19430,20.6,1250,680,91,14.8,1.9,1603.87
17332,17240,45.4918057493,-0.482750821829,Saint-Georges-Antignac,2929.97,1861.44,8.7,7.8,10.5,7.1,19880,12.3,390,250,31,9.2,1.8,1074.56
17333,17110,45.6036278448,-0.980098297165,Saint-Georges-de-Didonne,3638.58,4259.58,12.2,10.1,13.8,9.6,23930,20.2,5342,8888,338,11.8,1.9,4156.75
17334,17470,46.0423797576,-0.396872256026,Saint-Georges-de-Longuepierre,1206.51,2200.85,9.0,6.8,10.8,7.0,21290,15.4,223,140,11,4.8,2.0,1249.46
17335,17150,45.3755482053,-0.650474546219,Saint-Georges-des-Agoûts,11638.83,19099.35,9.3,7.1,10.5,7.4,19660,12.0,288,190,36,7.4,2.4,1151.43
17336,17810,45.7703624625,-0.701151604065,Saint-Georges-des-Coteaux,2411.35,2941.65,9.0,9.0,13.0,8.0,24160,10.1,2741,1292,61,10.3,2.3,2204.82
17337,17190,45.9762465553,-1.32432969206,Saint-Georges-d'Oléron,4261.7,5409.74,10.5,9.5,13.2,9.1,21530,20.6,3742,7003,302,10.7,1.9,3561.86
17338,17700,46.1500553419,-0.739061354783,Saint-Georges-du-Bois,2500.11,3229.5,8.9,8.4,10.8,7.0,21480,13.1,1765,894,73,10.7,2.0,1764.43
17339,17500,45.4642351151,-0.44363159116,Saint-Germain-de-Lusignan,1789.57,4816.91,8.8,8.3,12.3,7.1,21960,11.3,1278,712,61,8.9,2.1,1791.22
17340,17700,46.0675190065,-0.79880232463,Saint-Germain-de-Marencennes,2694.03,3392.22,8.9,8.6,12.2,9.0,21720,9.3,1536,783,52,8.1,2.3,1637.19
17341,17500,45.4214033132,-0.327825347194,Saint-Germain-de-Vibrac,5226.58,5345.77,9.3,7.4,12.3,7.5,21270,8.6,181,107,10,7.1,3.3,965.32
17342,17240,45.5131586137,-0.685698200166,Saint-Germain-du-Seudre,6515.6,4932.24,8.7,7.8,11.6,9.2,21020,9.7,421,256,23,11.4,1.9,1724.14
17343,17240,45.5102408927,-0.508841326499,Saint-Grégoire-d'Ardennes,83.33,3645.03,9.3,7.8,12.3,7.1,22510,12.7,146,82,12,4.3,2.7,1756.45
17344,17770,45.8589827004,-0.536045938535,Saint-Hilaire-de-Villefranche,2205.92,3465.17,9.4,6.9,11.7,8.0,20850,12.4,1319,719,81,10.7,2.3,1460.67
17345,17500,45.4287275956,-0.488064971553,Saint-Hilaire-du-Bois,3409.32,2154.27,8.8,6.9,12.3,7.1,22650,11.2,309,178,14,7.9,2.3,1756.45
17346,17430,45.9198703097,-0.905117939333,Saint-Hippolyte,2099.3,3190.85,10.5,8.2,12.4,9.1,21660,8.4,1455,683,46,10.6,2.3,2074.9
17347,17400,45.9427172637,-0.519834100838,Saint-Jean-d'Angély,1768.21,1911.39,9.4,7.4,11.4,7.8,19560,21.1,6796,4719,1019,15.4,1.8,1542.9
17348,17620,45.8311345147,-0.972275648087,Saint-Jean-d'Angle,2968.33,3257.1,10.5,9.0,12.4,9.1,21160,17.7,691,322,28,12.6,2.5,1796.18
17349,17170,46.2797585875,-0.882374660253,Saint-Jean-de-Liversay,2510.32,4248.0,10.7,9.1,11.4,9.0,22220,9.0,2975,1372,85,10.2,2.4,2090.16
17350,17400,45.9286301344,-0.485268545942,Saint-Julien-de-l'Escap,2944.19,2611.77,9.4,6.8,11.7,7.6,21250,13.4,873,545,81,9.0,2.0,1689.85
17351,17320,45.7944979756,-1.0542452381,Saint-Just-Luzac,3084.42,4939.62,10.5,9.0,12.4,9.2,20750,14.1,2026,1094,69,9.6,2.4,2845.63
17352,17380,46.0319184838,-0.706348356697,Saint-Laurent-de-la-Barrière,2732.59,3645.03,9.3,7.8,11.7,8.2,21250,11.8,619,334,0,10.0,2.2,1756.45
17353,17450,45.9878727507,-1.02745670693,Saint-Laurent-de-la-Prée,3487.46,4729.29,12.3,10.6,12.3,9.1,23890,7.1,2214,1187,81,9.6,2.2,3058.2
17354,17800,45.6164955032,-0.569645544567,Saint-Léger,2167.34,4221.04,9.3,7.6,11.6,8.0,22360,7.9,645,299,19,7.2,2.4,1713.49
17355,17520,45.5224276512,-0.356868114482,Sainte-Lheurine,3161.5,2425.36,8.8,7.4,12.3,6.5,21470,13.4,503,267,26,8.6,2.1,1573.72
17356,17380,45.9997627208,-0.647620851494,Saint-Loup,2225.83,3411.08,9.0,8.0,11.7,8.5,21560,8.7,306,180,20,6.7,2.7,1756.45
17357,17520,45.4152024373,-0.278686157018,Saint-Maigrin,112.41,7074.28,9.3,7.4,12.3,7.1,21150,9.7,534,301,49,6.8,2.0,1865.01
17358,17470,46.0372800682,-0.27822687633,Saint-Mandé-sur-Brédoire,773.41,3044.97,9.2,6.2,10.1,6.0,19660,10.9,311,207,27,14.2,2.0,1175.16
17359,17700,46.0930729273,-0.695778851,Saint-Mard,2417.37,2891.91,8.9,8.6,10.8,7.0,20930,12.4,1206,578,43,10.8,2.3,1640.87
17360,17740,46.1560367496,-1.32154377304,Sainte-Marie-de-Ré,7736.55,11401.99,12.1,12.0,14.5,9.4,27960,14.2,3363,3410,117,9.6,2.4,7689.47
17361,17330,46.0456994785,-0.456838157243,Saint-Martial,816.98,3090.08,9.0,6.8,10.8,7.0,21080,11.8,113,85,8,7.7,1.4,829.63
17362,17150,45.3780654315,-0.594952157057,Saint-Martial-de-Mirambeau,2243.77,3645.03,9.3,6.9,12.0,7.4,19790,10.0,297,153,10,5.4,2.4,2318.44
17363,17500,45.4626102999,-0.430235388703,Saint-Martial-de-Vitaterne,2246.72,1640.96,8.8,8.3,12.3,7.1,23090,10.6,545,239,35,11.5,2.4,2821.43
17364,17520,45.5781186105,-0.370718965842,Saint-Martial-sur-Né,978.47,9024.94,9.3,7.4,10.1,7.5,23120,6.2,437,208,21,4.4,2.7,1395.06
17365,17270,45.2182774762,-0.20120779956,Saint-Martin-d'Ary,2052.82,364.85,8.5,7.5,10.2,7.4,20530,14.9,467,287,28,4.9,1.8,1178.46
17366,17360,45.1455143902,-0.11038952138,Saint-Martin-de-Coux,8857.29,3645.03,8.5,7.5,10.2,7.2,19490,14.1,487,259,33,13.4,2.6,1610.94
17367,17400,45.9389657843,-0.344541979564,Saint-Martin-de-Juillers,2732.59,3645.03,9.2,6.6,10.5,8.2,19620,8.8,157,100,6,8.6,1.8,2265.03
17369,17410,46.1990908569,-1.36683779933,Saint-Martin-de-Ré,2687.82,11705.08,16.1,12.0,14.5,9.4,23510,15.2,2215,2373,75,11.5,1.7,9597.72
17372,17500,45.4003157593,-0.353646613509,Saint-Médard,2732.59,4790.61,9.3,7.4,12.3,7.1,21250,7.7,78,41,0,5.7,2.0,1756.45
17373,17220,46.1592023268,-0.967137851085,Saint-Médard-d'Aunis,2379.61,3607.21,11.8,10.0,11.7,9.8,23470,7.0,2302,939,43,13.4,2.4,2772.23
17374,17770,45.8798297244,-0.456697276737,Sainte-Même,1726.07,1505.18,9.2,6.8,11.7,7.6,18860,21.6,243,139,22,11.0,1.6,1211.16
17375,17780,45.943056045,-1.0281857286,Saint-Nazaire-sur-Charente,2616.89,5035.54,10.9,9.0,12.3,9.1,21620,13.6,1201,702,51,11.2,2.1,2274.64
17376,17230,46.2295901157,-1.03191615683,Saint-Ouen-d'Aunis,3298.56,3785.74,11.9,10.0,11.4,9.8,23520,6.1,1897,749,19,13.2,2.4,3305.37
17377,17490,45.8643049345,-0.170063984534,Saint-Ouen-la-Thène,1521.88,1748.09,8.5,6.0,10.5,8.9,18000,18.2,125,80,9,14.0,2.4,760.56
17378,17210,45.2745437517,-0.201995089844,Saint-Palais-de-Négrignac,1159.76,3645.03,8.5,7.5,10.2,7.4,19900,12.0,434,234,33,9.5,2.3,2017.56
17379,17800,45.5151577125,-0.591464489682,Saint-Palais-de-Phiolin,2865.51,15622.53,9.9,6.9,11.6,7.1,19790,15.4,207,140,6,10.5,2.6,1756.45
17380,17420,45.6579754062,-1.10115118709,Saint-Palais-sur-Mer,5464.67,7496.0,12.2,11.7,13.2,9.6,26970,13.8,3907,6686,94,10.0,1.9,4931.96
17381,17400,46.0057367763,-0.455137574227,Saint-Pardoult,2932.59,7299.2,9.0,6.8,11.2,8.5,20460,10.1,228,137,12,4.8,2.2,2327.42
17382,17700,46.1753767073,-0.698370030473,Saint-Pierre-d'Amilly,4315.23,3506.54,8.9,8.8,10.8,7.0,21840,10.7,535,270,16,3.5,2.1,1747.0
17383,17400,45.9459752445,-0.384995955573,Saint-Pierre-de-Juillers,2409.65,4081.27,9.2,6.6,10.5,8.2,19200,14.4,348,244,28,10.0,2.6,1475.0
17384,17330,46.0285452845,-0.444536284605,Saint-Pierre-de-l'Isle,4721.78,37537.0,9.0,7.0,12.2,8.2,18970,14.3,259,140,12,8.9,3.1,649.48
17385,17310,45.9396931461,-1.30530935595,Saint-Pierre-d'Oléron,4231.13,5177.17,11.7,9.5,13.2,9.1,22430,16.1,6634,7749,315,10.9,1.9,3572.45
17386,17270,45.1589862484,-0.150996652179,Saint-Pierre-du-Palais,833.83,643.17,8.5,8.4,10.2,7.4,18820,19.9,353,206,22,13.5,2.0,1756.45
17387,17250,45.8230381488,-0.774633081138,Saint-Porchaire,2000.31,3123.09,10.3,8.8,12.4,9.1,22150,8.9,1896,892,46,10.4,2.5,2251.94
17388,17800,45.5349054123,-0.596758868836,Saint-Quantin-de-Rançanne,1850.72,3336.91,9.9,7.8,11.6,9.2,22370,10.5,256,171,19,7.5,2.0,1489.36
17389,17250,45.8492187707,-0.872725907585,Sainte-Radegonde,2673.06,3767.91,10.3,8.2,12.4,9.1,21200,11.6,579,285,18,6.5,2.7,2075.48
17390,17240,45.419274916,-0.664112168706,Sainte-Ramée,3041.7,1136.1,8.7,7.8,10.5,7.1,20660,7.3,116,88,8,5.5,1.7,549.3
17391,17220,46.1454739,-1.06187828787,Saint-Rogatien,3920.58,4379.2,10.7,11.6,15.6,9.8,25810,7.7,2352,1002,30,9.7,2.6,3263.18
17392,17240,45.450445089,-0.76304021283,Saint-Romain-sur-Gironde,2732.59,3645.03,9.3,7.8,11.7,8.2,21250,11.8,619,334,0,10.0,2.2,1756.45
17393,17600,45.6918302258,-0.85616928455,Saint-Romain-de-Benet,3112.89,4113.42,10.5,7.8,12.4,9.2,20830,10.3,1733,976,80,10.8,2.2,2361.8
17394,17700,46.1401428747,-0.665133364912,Saint-Saturnin-du-Bois,2083.38,5757.1,9.0,7.0,10.8,8.5,20560,12.8,906,412,37,5.8,2.7,1248.75
17395,17610,45.7324197214,-0.497484915481,Saint-Sauvant,2628.81,3880.71,9.4,8.5,11.2,7.5,22540,12.4,481,315,43,12.3,1.9,1672.5
17396,17540,46.2102668971,-0.891705417189,Saint-Sauveur-d'Aunis,2984.23,4003.07,10.7,9.7,11.7,9.0,22800,11.5,1732,775,61,12.9,2.2,2456.22
17397,17350,45.8862799418,-0.677457125043,Saint-Savinien,2250.4,3288.28,9.4,6.9,11.7,8.5,20530,13.7,2446,1609,160,10.8,1.9,2063.75
17398,17800,45.6222077247,-0.513310420639,Saint-Seurin-de-Palenne,1264.35,5811.16,9.0,7.4,11.6,8.0,23660,8.9,168,99,11,7.1,2.2,1145.83
17400,17800,45.6909400588,-0.52078042473,Saint-Sever-de-Saintonge,3203.55,6059.68,9.4,8.5,11.2,8.0,21240,10.3,630,317,22,9.3,2.3,938.68
17401,17330,46.089265514,-0.428552923889,Saint-Séverin-sur-Boutonne,2732.59,3073.72,9.0,7.0,10.8,8.2,21260,16.1,95,77,9,2.0,1.0,1257.2
17402,17240,45.4476679047,-0.546072790481,Saint-Sigismond-de-Clermont,1326.39,3068.87,8.7,6.9,11.6,7.1,21050,6.5,155,83,6,8.8,1.7,1756.45
17403,17500,45.410900172,-0.452211214542,Saint-Simon-de-Bordes,3912.83,3025.58,8.8,6.9,12.3,7.1,21920,12.7,747,412,39,10.9,2.5,1361.37
17404,17260,45.6096933438,-0.675236020671,Saint-Simon-de-Pellouaille,2479.01,2601.06,8.7,7.8,11.6,9.2,21450,13.5,659,337,26,11.4,2.3,1346.32
17405,17150,45.3565207322,-0.694899173419,Saint-Sorlin-de-Conac,23689.0,5831.19,9.3,7.1,10.5,7.4,19100,8.3,199,147,28,9.4,2.0,1756.45
17406,17600,45.770317043,-0.975040646755,Saint-Sornin,8886.67,11381.12,10.5,9.0,12.4,9.2,20460,11.3,413,261,11,9.7,1.8,2128.42
17407,17220,46.1930484901,-1.01648335022,Sainte-Soulle,4034.85,5783.43,11.9,10.6,11.4,9.8,24360,9.8,4846,2129,107,12.4,2.4,3151.26
17408,17250,45.8161997833,-0.826983052585,Saint-Sulpice-d'Arnoult,2208.0,3451.61,10.3,8.4,12.4,9.1,21000,10.1,886,386,27,6.6,3.1,1883.3
17409,17200,45.6735457263,-1.00633243777,Saint-Sulpice-de-Royan,3006.92,6466.52,11.3,9.6,13.1,9.6,23040,14.5,3309,1722,62,14.1,2.1,3378.8
17410,17150,45.391750965,-0.699077246125,Saint-Thomas-de-Conac,4711.37,16167.01,8.7,6.9,11.6,7.1,20350,13.2,575,582,43,9.3,1.8,1100.24
17411,17370,45.8319189499,-1.22713007046,Saint-Trojan-les-Bains,3946.23,5488.77,10.5,9.0,13.2,9.1,22150,19.4,1145,2031,18,10.7,1.7,4180.34
17412,17100,45.8161479617,-0.621357223048,Saint-Vaize,12328.46,2648.2,9.4,6.9,11.7,7.6,20570,11.3,675,298,19,6.7,2.8,1821.34
17413,17220,46.0762768567,-1.04882454068,Saint-Vivien,3641.5,4441.47,12.3,10.7,12.3,9.8,24410,7.7,1359,625,33,15.4,2.4,3514.49
17414,17138,46.2127706642,-1.09160546158,Saint-Xandre,4408.53,5161.61,12.1,10.7,14.1,10.9,24680,9.4,5091,2436,102,14.0,2.1,3535.87
17415,17100,45.7422300162,-0.649623035643,Saintes,2081.18,2603.69,10.1,7.9,12.4,9.0,21320,18.0,25287,15705,1659,16.1,1.7,2137.33
17416,17510,46.0171498466,-0.185321832625,Saleignes,2732.59,3645.03,8.5,6.2,10.5,8.2,21250,16.7,59,70,9,3.3,2.0,389.47
17417,17130,45.3507156869,-0.481731376286,Salignac-de-Mirambeau,2747.45,3645.03,8.8,7.4,12.3,8.2,20230,9.0,165,96,16,7.1,2.2,1756.45
17418,17800,45.6692835871,-0.415946816258,Salignac-sur-Charente,3549.65,181.63,9.0,7.6,10.1,7.5,25170,10.9,605,313,37,6.5,2.8,1398.47
17420,17220,46.1025147874,-1.05196380014,Salles-sur-Mer,5467.74,6138.09,12.3,10.3,15.6,9.8,26030,9.4,2263,1101,76,13.7,2.5,3142.73
17421,17600,45.6754417186,-0.936728980856,Saujon,3514.16,4146.34,11.0,8.8,13.4,10.4,21640,18.0,7180,4662,355,13.6,2.0,2519.26
17422,17510,45.9513360986,-0.213550216959,Seigné,2732.59,10218.36,8.5,6.6,10.5,6.6,21250,10.7,72,52,13,7.5,1.3,1756.45
17423,17150,45.4004704154,-0.591603220864,Semillac,1169.54,3645.03,8.8,6.9,12.0,7.1,21250,11.4,74,37,3,10.0,2.0,1756.45
17424,17150,45.3899137022,-0.624747123124,Semoussac,2901.94,4433.85,9.3,6.9,10.5,7.4,20130,11.7,382,195,18,9.8,2.8,3122.16
17425,17120,45.5992753658,-0.915156967296,Semussac,3571.53,3277.42,10.3,10.0,11.6,9.6,21280,10.9,2405,1359,73,10.9,2.4,2713.06
17426,17770,45.792713341,-0.355583104704,Le Seure,607.89,4602.16,9.4,8.5,11.2,7.6,21700,13.7,252,139,15,7.3,1.9,871.49
17427,17490,45.839849714,-0.190558367177,Siecq,2208.14,4651.26,8.7,7.1,10.5,8.9,22510,11.7,216,126,18,7.4,1.6,1036.44
17428,17160,45.8306131038,-0.282090626459,Sonnac,1354.22,3126.32,8.7,6.6,10.5,7.6,21310,5.7,493,308,37,10.2,2.1,1172.03
17429,17780,45.9097262725,-1.00226108589,Soubise,2129.46,3892.54,10.9,8.2,12.3,9.1,23520,7.2,3047,995,82,14.0,2.4,2825.43
17430,17150,45.3542631306,-0.519282663835,Soubran,3448.89,1839.96,8.8,7.1,10.5,7.4,18560,13.4,401,225,23,10.0,2.8,2669.11
17431,17250,45.7800875895,-0.792759962295,Soulignonne,4089.95,3539.45,10.3,8.4,13.0,9.1,20890,12.0,708,364,18,9.1,2.4,1978.95
17432,17130,45.2941676327,-0.437417270599,Souméras,2655.72,1441.06,8.8,7.4,12.0,8.2,20930,11.9,365,191,19,10.3,2.4,1756.45
17433,17130,45.3070848749,-0.327704818651,Sousmoulins,6222.63,2142.35,9.5,7.4,10.5,7.4,22500,11.0,213,138,17,9.9,2.3,1756.45
17434,17700,46.1044773827,-0.753715269757,Surgères,2516.58,3104.44,9.4,8.1,12.2,8.2,20860,17.9,6786,3737,416,12.7,2.1,2076.35
17435,17350,45.9017839657,-0.622044572982,Taillant,3717.63,4028.26,9.2,6.9,12.2,8.5,20390,9.1,176,101,14,12.5,2.3,1756.45
17436,17350,45.8452927158,-0.635939473122,Taillebourg,5300.42,3374.86,9.4,6.9,11.7,7.6,20600,14.2,756,446,64,11.2,2.3,1234.65
17437,17120,45.54345601,-0.901968620389,Talmont-sur-Gironde,2534.74,4320.86,9.9,9.0,13.1,9.6,21250,21.2,98,126,7,7.3,2.0,2638.84
17438,17260,45.5575032026,-0.624877512569,Tanzac,4684.26,3645.03,9.9,7.8,11.6,9.2,21310,7.4,303,161,16,6.7,2.3,575.22
17439,17170,46.3172452775,-0.831865741628,Taugon,2466.23,3389.56,8.0,7.2,11.4,7.9,20590,11.7,784,490,37,12.2,2.1,1730.86
17440,17400,45.9465741862,-0.561311450959,Ternant,1525.29,1950.61,9.4,7.2,11.7,7.6,21560,14.7,374,232,22,21.2,1.8,1718.75
17441,17460,45.6319623788,-0.656221839044,Tesson,2687.14,4035.77,10.3,8.1,11.6,8.0,21640,11.6,1125,571,50,10.4,2.3,1875.0
17442,17120,45.6155314276,-0.791473092031,Thaims,6781.17,3592.94,9.9,7.8,12.4,9.2,19960,10.3,382,233,15,12.4,2.1,1604.12
17443,17290,46.0773803387,-1.00436533555,Thairé,3582.58,5958.19,12.3,9.7,12.3,9.8,23630,9.1,1723,797,46,11.7,2.4,2849.03
17444,17460,45.6757625165,-0.651811940995,Thénac,3908.88,4368.67,10.3,8.7,11.6,8.0,22290,9.4,1675,780,64,14.3,1.9,2029.11
17445,17600,45.6764768852,-0.789153508281,Thézac,2732.59,4927.59,10.5,7.8,12.4,9.2,21970,6.7,330,209,31,6.5,2.1,1734.76
17446,17160,45.8252238601,-0.316151081372,Thors,1284.21,3752.73,8.7,6.6,11.2,7.6,21290,8.7,464,255,32,7.0,2.2,572.84
17447,17290,46.0868700947,-0.937375206626,Le Thou,742.04,1866.57,10.9,8.6,12.3,9.0,21740,11.7,1987,845,39,9.1,2.4,2698.16
17448,17380,45.9748907338,-0.710979318464,Tonnay-Boutonne,1903.67,2838.09,9.2,8.2,11.7,8.5,20000,13.8,1170,635,76,10.7,2.0,1379.63
17449,17430,45.9633766445,-0.874412067316,Tonnay-Charente,3221.72,2212.89,10.5,9.3,12.9,9.4,20960,16.3,8097,4286,403,13.9,2.0,2087.45
17450,17380,45.9609696756,-0.637755810704,Torxé,1468.12,3909.48,9.4,7.2,11.7,7.6,21660,8.8,230,154,25,8.7,2.4,914.32
17451,17160,45.9076315101,-0.26562144892,Les Touches-de-Périgny,2753.19,3389.36,8.7,6.6,10.5,7.6,20520,9.4,550,275,29,9.1,2.4,1379.75
17452,17390,45.7595222262,-1.19070707014,La Tremblade,3457.57,4343.9,10.8,10.1,13.2,9.6,22780,18.6,4322,5261,403,10.1,1.8,3545.64
17453,17250,45.8824159109,-0.903805758025,Trizay,2591.5,3458.99,10.5,8.2,12.3,9.1,22520,9.6,1470,649,35,10.5,2.3,2148.4
17454,17130,45.3553716796,-0.407478613071,Tugéras-Saint-Maurice,1395.14,2354.74,9.3,7.4,10.5,7.4,19030,13.0,375,208,43,10.9,1.9,1206.56
17455,17250,45.8908313129,-0.845996319512,La Vallée,1679.03,3620.47,10.5,8.2,12.4,9.1,21420,12.2,670,349,28,8.2,2.2,1767.6
17457,17700,46.0532187101,-0.753825189117,La Devise,2416.82,2373.54,8.9,8.6,12.2,8.5,20950,15.6,1191,626,84,12.5,2.3,1841.54
17458,17500,45.3586816198,-0.298855553768,Vanzac,5342.77,1885.42,9.5,7.4,10.5,6.5,18720,17.4,170,102,10,11.2,2.3,2023.81
17459,17400,45.9226742862,-0.426927895363,Varaize,2128.66,3692.1,9.4,6.6,11.2,7.6,21400,9.2,561,339,38,10.8,2.2,1310.4
17460,17460,45.7002243997,-0.743043174473,Varzay,7700.38,3504.6,10.3,8.1,12.4,9.2,21940,8.9,833,425,24,8.0,2.4,1750.08
17461,17640,45.6448017664,-1.05853577703,Vaux-sur-Mer,5946.29,8110.39,12.8,11.2,13.2,9.6,26090,16.1,3926,6334,182,11.0,1.8,4414.48
17462,17100,45.7877540613,-0.548759404902,Vénérand,7144.35,3781.14,9.0,6.8,11.2,8.0,22550,9.3,766,370,32,10.6,2.4,1887.53
17463,17300,45.9737006196,-0.986529132827,Vergeroux,2721.13,4075.52,10.9,10.6,12.3,9.1,24420,9.4,1258,556,34,14.3,2.4,2478.75
17464,17330,46.0698805334,-0.514998278543,Vergné,1286.52,5881.37,9.0,7.0,12.2,8.2,19570,14.5,151,75,8,7.7,6.0,2214.23
17465,17400,45.9708906994,-0.567291200569,La Vergne,3060.69,776.87,9.4,8.0,11.7,7.6,21410,14.7,590,316,30,6.5,2.6,1406.4
17466,17540,46.1972486983,-0.972947355741,Vérines,3517.94,3282.04,11.8,10.0,11.4,9.8,23740,7.3,2296,1002,62,12.6,2.4,2670.47
17467,17400,45.9696119746,-0.445129006344,Vervant,2139.93,1907.5,9.2,7.2,11.7,8.5,20270,9.3,235,128,17,7.6,2.0,1756.45
17468,17130,45.3505626693,-0.340389510498,Vibrac,1316.36,3604.29,8.8,7.4,10.5,6.5,20820,14.9,150,104,8,8.0,2.3,831.55
17469,17260,45.6039717298,-0.628988620843,Villars-en-Pons,4404.22,3386.82,8.7,8.1,11.6,9.2,20340,11.7,575,290,27,10.4,2.0,2152.57
17470,17770,45.7969827822,-0.435523123575,Villars-les-Bois,12767.74,316.81,9.4,8.5,11.7,8.9,21500,8.2,232,148,14,4.3,1.9,8121.49
17471,17470,46.0652942658,-0.322967627263,La Villedieu,1223.75,2641.81,9.2,6.2,10.1,8.2,19090,31.8,210,153,19,3.0,2.3,600.0
17472,17230,46.2434012234,-1.07321328867,Villedoux,2968.37,3078.85,11.9,11.3,14.1,9.8,23680,7.7,2278,870,17,9.1,2.6,2799.57
17473,17470,45.9936606529,-0.308323028167,Villemorin,1674.04,3645.03,9.2,6.8,10.5,8.2,18680,14.3,117,94,12,12.7,2.4,867.56
17474,17330,46.0950730201,-0.490293993465,Villeneuve-la-Comtesse,1844.33,2666.41,9.0,7.0,12.2,7.0,18910,22.1,739,413,54,8.3,2.3,1434.01
17476,17500,45.3786120866,-0.439687126824,Villexavier,2732.59,2709.24,8.8,7.4,12.3,7.4,21440,14.0,272,148,20,8.0,2.3,1756.45
17477,17510,45.9838256674,-0.152059311199,Villiers-Couture,12298.75,5867.52,7.4,6.0,10.5,6.0,18600,25.0,110,84,15,10.0,2.0,714.29
17478,17510,46.0341296435,-0.212146477613,Vinax,1059.61,3645.03,8.5,6.2,10.1,8.2,21250,9.1,58,54,7,11.4,1.5,1756.45
17479,17260,45.5376067131,-0.728910757223,Virollet,3156.67,2409.94,9.9,7.8,13.1,9.2,21220,11.0,294,164,12,6.9,2.1,1605.36
17480,17290,46.1388630308,-0.88461577185,Virson,1987.24,3360.99,10.7,9.7,11.7,9.0,21960,10.2,766,304,25,8.9,2.7,3382.98
17481,17400,45.9470700538,-0.602074440108,Voissay,672.31,3044.39,9.4,7.2,11.7,7.6,22340,5.6,164,93,18,9.3,3.0,1756.45
17482,17700,46.1518956728,-0.797123329244,Vouhé,1669.27,3933.2,10.7,8.8,11.7,9.0,21340,10.6,644,300,17,5.4,2.3,2013.11
17483,17340,46.0392686841,-1.03449244286,Yves,1974.9,8206.32,12.3,10.6,12.3,9.0,23300,10.1,1490,804,41,12.5,2.0,2836.99
17484,17730,45.9419529118,-1.07230587054,Port-des-Barques,3045.62,4034.41,10.9,9.5,13.2,9.1,22360,16.9,1768,1500,80,10.7,2.0,2679.35
17485,17370,45.8620787516,-1.24274513266,Le Grand-Village-Plage,4431.75,5895.49,10.5,9.0,13.2,9.1,22070,14.5,1070,1339,29,8.6,2.2,4340.4
17486,17840,46.0078502924,-1.35092343182,La Brée-les-Bains,4902.12,6648.25,10.5,9.0,13.2,9.1,23400,17.6,684,1980,22,10.0,1.9,4343.11
